"CONTEXTE";"MATRICE1";"REGION";"SECTEUR";"MOIS";"clust.num"
"2022LSAL03081";"Surveillance";"Dindes";"Bretagne";"Santé et production animales";"06";1
"2022LSAL02901";"Surveillance";"Viande porcine";"Auvergne Rhone Alpes";"Alimentation humaine";"05";2
"2022LSAL02888";"Surveillance";"Viande de canard";"Occitanie";"Alimentation humaine";"05";3
"2022LSAL02865";"Contrôle autorité (national)";"Volailles, non précisé";"DOM";"Santé et production animales";"05";4
"2022LSAL02853";"Surveillance";"Viande porcine";"Bretagne";"Alimentation humaine";"04";5
"2022LSAL02838";"Surveillance";"Viande de canard";"Occitanie";"Alimentation humaine";"05";3
"2022LSAL02837";"Surveillance";"Viande de canard";"Occitanie";"Alimentation humaine";"05";3
"2022LSAL02836";"Surveillance";"Viande de canard";"Occitanie";"Alimentation humaine";"05";3
"2022LSAL02600";"Surveillance";"Aliments pour animaux, non précisé";"Hauts de France";"Alimentation animale";"04";6
"2022LSAL02392";"Surveillance";"Viande porcine";"Grand Est";"Alimentation humaine";"05";7
"2022LSAL02304";"Programmes de contrôle et d'éradication";"Gallus gallus";"Bretagne";"Santé et production animales";"05";8
"2022LSAL02287";"Surveillance";"Viande porcine";"Bretagne";"Alimentation humaine";"04";5
"2022LSAL02285";"Surveillance";"Viande porcine";"Bretagne";"Alimentation humaine";"04";5
"2022LSAL02186";"Etudes cliniques";"Bovins";"Normandie";"Santé et production animales";"04";9
"2022LSAL02184";"Surveillance";"non spécifié";"Bretagne";"Eco-système";"03";10
"2022LSAL02180";"Surveillance";"Viande porcine";"Provence Alpes Cote d Azur";"Alimentation humaine";"04";11
"2022LSAL02177";"Etudes cliniques";"Bovins";"Grand Est";"Santé et production animales";"04";12
"2022LSAL02175";"Surveillance";"Viande de canard";"Occitanie";"Alimentation humaine";"04";13
"2022LSAL02174";"Surveillance";"Viande de canard";"Occitanie";"Alimentation humaine";"04";13
"2022LSAL02106";"Surveillance";"Viande porcine";NA;"Alimentation humaine";"04";5
"2022LSAL02097";"Surveillance";"Viande porcine";"Bretagne";"Alimentation humaine";"03";14
"2022LSAL02096";"Surveillance";"Viande porcine";"Bretagne";"Alimentation humaine";"02";15
"2022LSAL02027";"Surveillance";"Viande porcine";NA;"Alimentation humaine";"03";14
"2022LSAL01966";"Surveillance";"Viande porcine";"Pays de la Loire";"Alimentation humaine";"03";16
"2022LSAL01963";"Surveillance";"Viande porcine";"Bretagne";"Alimentation humaine";"02";15
"2022LSAL01962";"Surveillance";"Viande porcine";"Bretagne";"Alimentation humaine";"01";17
"2022LSAL01883";"Programmes de contrôle et d'éradication";"Gallus gallus";"DOM";"Santé et production animales";"03";18
"2022LSAL01874";"Surveillance";"Gallus gallus";"DOM";"Santé et production animales";"02";19
"2022LSAL01871";"Surveillance";"Gallus gallus";"DOM";"Santé et production animales";"02";19
"2022LSAL01858";"Surveillance";"Solipèdes, domestique";"Nouvelle Aquitaine";"Santé et production animales";"03";20
"2022LSAL01852";"Programmes de contrôle et d'éradication";"Gallus gallus";"DOM";"Santé et production animales";"02";21
"2022LSAL01830";"Surveillance";"Porcs";"Grand Est";"Santé et production animales";"02";22
"2022LSAL01828";"Alerte Produit";"Autres produits alimentaires transformés et plats préparés";"Bourgogne Franche Comte";"Alimentation humaine";"02";23
"2022LSAL01819";"Etudes cliniques";"Oiseaux sauvages";"Auvergne Rhone Alpes";"Santé et production animales";"01";24
"2022LSAL01818";"Etudes cliniques";"Bovins";"Auvergne Rhone Alpes";"Santé et production animales";"01";25
"2022LSAL01784";"Surveillance";"Gallus gallus";"DOM";"Santé et production animales";"01";26
"2022LSAL01776";"Programmes de contrôle et d'éradication";"Gallus gallus";"DOM";"Santé et production animales";"12";27
"2022LSAL01774";"Programmes de contrôle et d'éradication";"Gallus gallus";"DOM";"Santé et production animales";"12";27
"2022LSAL01773";"Surveillance";"Gallus gallus";"DOM";"Santé et production animales";"12";28
"2022LSAL01750";"Surveillance";"Gallus gallus";"DOM";"Santé et production animales";"02";19
"2022LSAL01749";"Surveillance";"Gallus gallus";"DOM";"Santé et production animales";"02";19
"2022LSAL00662";"Surveillance";"Lait de vache";"Auvergne Rhone Alpes";"Alimentation humaine";"02";29
"2022LSAL00324";"Surveillance";"animaux  d'élevage";"Bretagne";"Santé et production animales";"02";30
"2022LSAL00314";"Programmes de contrôle et d'éradication";"Gallus gallus";"DOM";"Santé et production animales";"02";21
"2022LSAL00284";"Surveillance";"Viande porcine";"Provence Alpes Cote d Azur";"Alimentation humaine";"01";31
"2022LSAL00283";"Surveillance";"Viande porcine";"Provence Alpes Cote d Azur";"Alimentation humaine";"01";31
"2022LSAL00273";"Etudes cliniques";"Bovins";"Normandie";"Santé et production animales";"01";32
"2022LSAL00272";"Etudes cliniques";"Bovins";"Normandie";"Santé et production animales";"01";32
"2022LSAL00271";"Etudes cliniques";"Bovins";"Normandie";"Santé et production animales";"01";32
"2022LSAL00263";"Surveillance";"Viande de dinde";"Nouvelle Aquitaine";"Alimentation humaine";"01";33
"2022LSAL00253";"Enquête";"Volailles, non précisé";"Auvergne Rhone Alpes";"Santé et production animales";"01";34
"2022LSAL00180";"Surveillance";"Légumes";"Occitanie";"Alimentation humaine";"01";35
"2022LSAL00175";"Surveillance";"Viande porcine";"DOM";"Alimentation humaine";"01";36
"2022LSAL00173";"Surveillance";"Lait de vache";"Auvergne Rhone Alpes";"Alimentation humaine";"01";37
"2022LSAL00172";"Surveillance";"Coquilles de mollusques";"Nouvelle Aquitaine";"Alimentation humaine";"01";38
"2022LSAL00091";"Surveillance";"Bovins";"Normandie";"Santé et production animales";"01";39
"2022LSAL00088";"Surveillance";"Lait de vache";"Auvergne Rhone Alpes";"Alimentation humaine";"01";37
"2022LSAL00035";"Etudes cliniques";"Bovins";"Auvergne Rhone Alpes";"Santé et production animales";"12";40
"2022LSAL00034";"Surveillance";"Fromages fabriqués à partir de lait de vache";"Auvergne Rhone Alpes";"Alimentation humaine";"08";41
"2022LSAL00033";"Surveillance";"Fromages fabriqués à partir de lait de vache";"Auvergne Rhone Alpes";"Alimentation humaine";"08";41
"2022LSAL00031";"Surveillance";"Fromages fabriqués à partir de lait de vache";"Auvergne Rhone Alpes";"Alimentation humaine";"08";41
"2022LSAL00030";"Surveillance";"Viande de poulet (Gallus gallus)";"Bretagne";"Alimentation humaine";"01";42
"2022LSAL00023";"Surveillance";"Viande des autres volailles";"Nouvelle Aquitaine";"Alimentation humaine";"12";43
"2022LSAL00020";"Surveillance";"Viande porcine";"Nouvelle Aquitaine";"Alimentation humaine";"12";44
"2021LSAL10296";"Surveillance";"Viande porcine";"Hauts de France";"Alimentation humaine";"12";45
"2021LSAL10295";"Programmes de contrôle et d'éradication";"Gallus gallus";"Normandie";"Santé et production animales";"12";46
"2021LSAL10271";"Alerte Produit";"Viande porcine";"Hauts de France";"Alimentation humaine";"12";47
"2021LSAL10264";"Contrôle autorité (national)";"Viande porcine";"Bretagne";"Alimentation humaine";"12";48
"2021LSAL10263";"Surveillance";"Viande porcine";"Bretagne";"Alimentation humaine";"12";49
"2021LSAL10261";"Surveillance";"Viande porcine";"Provence Alpes Cote d Azur";"Alimentation humaine";"10";50
"2021LSAL10260";"Surveillance";"Viande porcine";"Provence Alpes Cote d Azur";"Alimentation humaine";"10";50
"2021LSAL10258";"Surveillance";"Viande porcine";"Provence Alpes Cote d Azur";"Alimentation humaine";"11";51
"2021LSAL10257";"Surveillance";"Viande porcine";"Provence Alpes Cote d Azur";"Alimentation humaine";"11";51
"2021LSAL10239";"Surveillance";"Viande, Viande mixte";"Grand Est";"Alimentation humaine";"10";52
"2021LSAL10222";"Surveillance";"Aliments pour animaux, non précisé";"Pays de la Loire";"Alimentation animale";"12";53
"2021LSAL10220";"Epidémie/Alerte";"Viande porcine";"Bretagne";"Alimentation humaine";"12";54
"2021LSAL10214";"Programmes de contrôle et d'éradication";"Gallus gallus";"DOM";"Santé et production animales";"11";55
"2021LSAL10213";"Surveillance";"Gallus gallus";"DOM";"Santé et production animales";"11";56
"2021LSAL10211";"Surveillance";"Viande de canard";"Nouvelle Aquitaine";"Alimentation humaine";"11";57
"2021LSAL10210";"Surveillance";"Viande de canard";"Nouvelle Aquitaine";"Alimentation humaine";"11";57
"2021LSAL10209";"Surveillance";"Viande de canard";"Nouvelle Aquitaine";"Alimentation humaine";"11";57
"2021LSAL10113";"Surveillance";"Viande porcine";"Bretagne";"Alimentation humaine";"11";58
"2021LSAL10080";"Programmes de contrôle et d'éradication";"Dindes";"Occitanie";"Santé et production animales";"11";59
"2021LSAL10059";"Surveillance";"Viande de canard";"Occitanie";"Alimentation humaine";"11";60
"2021LSAL10035";"Surveillance";"Gallus gallus";"DOM";"Santé et production animales";"10";61
"2021LSAL10028";"Surveillance";"Viande, Viande mixte";"Grand Est";"Alimentation humaine";"10";52
"2021LSAL10019";"Programmes de contrôle et d'éradication";"Gallus gallus";"DOM";"Santé et production animales";"11";55
"2021LSAL09606";"Surveillance";"Fromages fabriqués à partir de lait de vache";"Auvergne Rhone Alpes";"Alimentation humaine";"08";41
"2021LSAL09605";"Surveillance";"Fromages fabriqués à partir de lait de vache";"Auvergne Rhone Alpes";"Alimentation humaine";"10";62
"2021LSAL09591";"Autre (ex. prestation de service, EILA ..., etc.)";"non spécifié";NA;"Non spécifié";"11";63
"2021LSAL09570";"Etudes cliniques";"Bovins";"Normandie";"Santé et production animales";"10";64
"2021LSAL09569";"Etudes cliniques";"Bovins";"Normandie";"Santé et production animales";"10";64
"2021LSAL09568";"Alerte Produit";"Viande d'origine bovine";"Grand Est";"Alimentation humaine";"11";65
"2021LSAL09555";"Etudes cliniques";"Moutons";"Provence Alpes Cote d Azur";"Santé et production animales";"10";66
"2021LSAL09539";"Surveillance";"Viande porcine";"Hauts de France";"Alimentation humaine";"10";67
"2021LSAL09535";"Surveillance";"Viande porcine";"Provence Alpes Cote d Azur";"Alimentation humaine";"10";50
"2021LSAL09529";"Surveillance";"Bovins";"Bourgogne Franche Comte";"Santé et production animales";"10";68
"2021LSAL09509";"Surveillance";"Matières premières d'origine animal terrestre";"Bretagne";"Alimentation animale";"10";69
"2021LSAL09493";"Etudes cliniques";"Solipèdes, domestique";"Ile de France";"Santé et production animales";"10";70
"2021LSAL09492";"Etudes cliniques";"Solipèdes, domestique";"Ile de France";"Santé et production animales";"10";70
"2021LSAL09484";"Alerte Produit";"Fromages fabriqués à partir de lait de vache";"Auvergne Rhone Alpes";"Alimentation humaine";"09";71
"2021LSAL09483";"Alerte Produit";"Lait de vache";"Auvergne Rhone Alpes";"Alimentation humaine";"09";72
"2021LSAL09482";"Alerte Produit";"Fromages fabriqués à partir de lait de vache";"Auvergne Rhone Alpes";"Alimentation humaine";"09";71
"2021LSAL09438";"Surveillance";"Fromages fabriqués à partir de lait de vache";"Auvergne Rhone Alpes";"Alimentation humaine";"10";62
"2021LSAL09437";"Surveillance";"Fromages fabriqués à partir de lait de vache";"Auvergne Rhone Alpes";"Alimentation humaine";"10";62
"2021LSAL09417";"Surveillance";"Bovins";"Occitanie";"Santé et production animales";"10";73
"2021LSAL07599";"Surveillance";"Viande porcine";"Pays de la Loire";"Alimentation humaine";"09";74
"2021LSAL07593";"Surveillance";"Viande porcine";"Pays de la Loire";"Alimentation humaine";"06";75
"2021LSAL07590";"Surveillance";"Viande porcine";"Bretagne";"Alimentation humaine";"09";76
"2021LSAL07589";"Surveillance";"Viande porcine";"Bretagne";"Alimentation humaine";"09";76
"2021LSAL07587";"Surveillance";"Viande porcine";"Auvergne Rhone Alpes";"Alimentation humaine";"10";77
"2021LSAL07586";"Surveillance";"Viande porcine";"Auvergne Rhone Alpes";"Alimentation humaine";"10";77
"2021LSAL07585";"Surveillance";"Viande porcine";"Auvergne Rhone Alpes";"Alimentation humaine";"09";78
"2021LSAL07584";"Surveillance";"Viande porcine";"Auvergne Rhone Alpes";"Alimentation humaine";"09";78
"2021LSAL07583";"Surveillance";"Viande porcine";"Auvergne Rhone Alpes";"Alimentation humaine";"09";78
"2021LSAL07582";"Surveillance";"Viande porcine";"Auvergne Rhone Alpes";"Alimentation humaine";"09";78
"2021LSAL07581";"Surveillance";"Viande porcine";"Auvergne Rhone Alpes";"Alimentation humaine";"09";78
"2021LSAL07580";"Surveillance";"Viande porcine";"Auvergne Rhone Alpes";"Alimentation humaine";"07";79
"2021LSAL07566";"Surveillance";"Fromages fabriqués à partir de lait de vache";"Auvergne Rhone Alpes";"Alimentation humaine";"09";80
"2021LSAL07565";"Surveillance";"Fromages fabriqués à partir de lait de vache";"Auvergne Rhone Alpes";"Alimentation humaine";"09";80
"2021LSAL07564";"Surveillance";"produits laitiers, non précisé";"Bretagne";"Alimentation humaine";"09";81
"2021LSAL07557";"Surveillance";"Gallus gallus";"DOM";"Santé et production animales";"09";82
"2021LSAL07552";"Surveillance";"Fromages fabriqués à partir de lait de vache";"Auvergne Rhone Alpes";"Alimentation humaine";"09";80
"2021LSAL07544";"Surveillance";"Viande de canard";"Occitanie";"Alimentation humaine";"09";83
"2021LSAL07527";"Surveillance";"Viande porcine";"Provence Alpes Cote d Azur";"Alimentation humaine";"09";84
"2021LSAL07521";"Programmes de contrôle et d'éradication";"Gallus gallus";"Normandie";"Santé et production animales";"09";85
"2021LSAL07442";"Surveillance";"Viande de canard";"Occitanie";"Alimentation humaine";"09";83
"2021LSAL07440";"Programmes de contrôle et d'éradication";"Dindes";"Bretagne";"Santé et production animales";"09";86
"2021LSAL07417";"Surveillance";"Viande porcine";"Grand Est";"Alimentation humaine";"09";87
"2021LSAL07413";"Surveillance";"Pintades";"Bretagne";"Santé et production animales";"09";88
"2021LSAL07086";"Surveillance";"Viande porcine";"Hauts de France";"Alimentation humaine";"08";89
"2021LSAL07082";"Alerte Produit";"Viande de poulet (Gallus gallus)";"Nouvelle Aquitaine";"Alimentation humaine";"09";90
"2021LSAL07080";"Non spécifié";"Fromages fabriqués à partir de lait de vache";"Auvergne Rhone Alpes";"Alimentation humaine";"08";91
"2021LSAL07079";"Non spécifié";"Fromages fabriqués à partir de lait de vache";"Auvergne Rhone Alpes";"Alimentation humaine";"08";91
"2021LSAL07078";"Surveillance";"Fromages fabriqués à partir de lait de vache";"Auvergne Rhone Alpes";"Alimentation humaine";"08";41
"2021LSAL07077";"Surveillance";"Fromages fabriqués à partir de lait de vache";"Auvergne Rhone Alpes";"Alimentation humaine";"08";41
"2021LSAL07076";"Surveillance";"Fromages fabriqués à partir de lait de vache";"Auvergne Rhone Alpes";"Alimentation humaine";"08";41
"2021LSAL07075";"Surveillance";"Fromages fabriqués à partir de lait de vache";"Auvergne Rhone Alpes";"Alimentation humaine";"08";41
"2021LSAL07072";"Surveillance";"Viande de poulet (Gallus gallus)";"DOM";"Alimentation humaine";"08";92
"2021LSAL07067";"Surveillance";"Gallus gallus";"Bretagne";"Santé et production animales";"09";93
"2021LSAL07066";"Contrôle autorité (national)";"Gallus gallus";"Occitanie";"Santé et production animales";"09";94
"2021LSAL07065";"Etudes cliniques";"Porcs";"Nouvelle Aquitaine";"Santé et production animales";"08";95
"2021LSAL06953";"Surveillance";"Fromages fabriqués à partir de lait de vache";"Auvergne Rhone Alpes";"Alimentation humaine";"08";41
"2021LSAL06952";"Surveillance";"Fromages fabriqués à partir de lait de vache";"Auvergne Rhone Alpes";"Alimentation humaine";"08";41
"2021LSAL06947";"Surveillance";"Viande de canard";"Occitanie";"Alimentation humaine";"08";96
"2021LSAL06928";"Programmes de contrôle et d'éradication";"Dindes";"Bretagne";"Santé et production animales";"12";97
"2021LSAL06902";"Surveillance";"Viande porcine";"Nouvelle Aquitaine";"Alimentation humaine";"08";98
"2021LSAL06901";"Surveillance";"Viande porcine";"Nouvelle Aquitaine";"Alimentation humaine";"08";98
"2021LSAL06889";"Surveillance";"Viande de canard";"Occitanie";"Alimentation humaine";"08";96
"2021LSAL06888";"Surveillance";"Lait d'autres espèces animales ou non précisé";"Auvergne Rhone Alpes";"Alimentation humaine";"08";99
"2021LSAL06883";"Plan de surveillance actif";"Aliments composés pour Porcs";"Pays de la Loire";"Alimentation animale";"08";100
"2021LSAL06881";"Surveillance";"Fromages fabriqués à partir de lait de vache";"Auvergne Rhone Alpes";"Alimentation humaine";"08";41
"2021LSAL06880";"Surveillance";"Fromages fabriqués à partir de lait de vache";"Auvergne Rhone Alpes";"Alimentation humaine";"08";41
"2021LSAL06879";"Surveillance";"Fromages fabriqués à partir de lait de vache";"Auvergne Rhone Alpes";"Alimentation humaine";"08";41
"2021LSAL06878";"Surveillance";"Denrées alimentaires, non précisé";"Auvergne Rhone Alpes";"Alimentation humaine";"08";101
"2021LSAL06877";"Surveillance";"Fromages fabriqués à partir de lait de vache";"Auvergne Rhone Alpes";"Alimentation humaine";"08";41
"2021LSAL06876";"Epidémie/Alerte";"Viande porcine";"Auvergne Rhone Alpes";"Alimentation humaine";"08";102
"2021LSAL06875";"Epidémie/Alerte";"Viande porcine";"Auvergne Rhone Alpes";"Alimentation humaine";"08";102
"2021LSAL06874";"Epidémie/Alerte";"Viande porcine";"Auvergne Rhone Alpes";"Alimentation humaine";"08";102
"2021LSAL06872";"Epidémie/Alerte";"Viande porcine";"Auvergne Rhone Alpes";"Alimentation humaine";"08";102
"2021LSAL06869";"Surveillance";"Produits de la pêche, non précisé";"Auvergne Rhone Alpes";"Alimentation humaine";"07";103
"2021LSAL06868";"Surveillance";"Fromages fabriqués à partir de lait de vache";"Auvergne Rhone Alpes";"Alimentation humaine";"08";41
"2021LSAL06867";"Programmes de contrôle et d'éradication";"Dindes";"Bretagne";"Santé et production animales";"08";104
"2021LSAL06866";"Programmes de contrôle et d'éradication";"Dindes";"Bretagne";"Santé et production animales";"08";104
"2021LSAL06865";"Programmes de contrôle et d'éradication";"Dindes";"Bretagne";"Santé et production animales";"08";104
"2021LSAL06864";"Programmes de contrôle et d'éradication";"Dindes";"Bretagne";"Santé et production animales";"08";104
"2021LSAL06863";"Programmes de contrôle et d'éradication";"Dindes";"Bretagne";"Santé et production animales";"08";104
"2021LSAL06748";"Surveillance";"Gallus gallus";"Auvergne Rhone Alpes";"Santé et production animales";"08";105
"2021LSAL06747";"Surveillance";"Gallus gallus";"Auvergne Rhone Alpes";"Santé et production animales";"07";106
"2021LSAL06744";"Surveillance";"Viande porcine";"Bretagne";"Alimentation humaine";"08";107
"2021LSAL06703";"Surveillance";"Gallus gallus";"Hauts de France";"Santé et production animales";"07";108
"2021LSAL06697";"Etudes cliniques";"Cerfs sauvages (chevreuil)";"Bourgogne Franche Comte";"Santé et production animales";"08";109
"2021LSAL06694";"Surveillance";"Viande porcine";"Bourgogne Franche Comte";"Alimentation humaine";"06";110
"2021LSAL06689";"Non spécifié";"Fromages fabriqués à partir de lait de vache";NA;"Alimentation humaine";"10";111
"2021LSAL06683";"Surveillance";"Viande porcine";"Provence Alpes Cote d Azur";"Alimentation humaine";"08";112
"2021LSAL06676";"Surveillance";"Denrées alimentaires, non précisé";"Bretagne";"Alimentation humaine";"07";113
"2021LSAL06543";"Surveillance";"animaux  d'élevage";"Bretagne";"Santé et production animales";"07";114
"2021LSAL06542";"Surveillance";"Denrées alimentaires, non précisé";"Bretagne";"Alimentation humaine";"07";113
"2021LSAL06540";"Programmes de contrôle et d'éradication";"Gallus gallus";"DOM";"Santé et production animales";"07";115
"2021LSAL06514";"Surveillance";"Viande porcine";"Provence Alpes Cote d Azur";"Alimentation humaine";"07";116
"2021LSAL06507";"Programmes de contrôle et d'éradication";"Gallus gallus";"DOM";"Santé et production animales";"07";115
"2021LSAL06499";"Etudes cliniques";"Bovins";"Auvergne Rhone Alpes";"Santé et production animales";"07";117
"2021LSAL06498";"Surveillance";"Gallus gallus";"Centre Val de Loire";"Santé et production animales";"07";118
"2021LSAL06475";"Surveillance";"Viande de dinde";"Bretagne";"Alimentation humaine";"07";119
"2021LSAL06474";"Surveillance";"Viande porcine";"Grand Est";"Alimentation humaine";"07";120
"2021LSAL06468";"Programmes de contrôle et d'éradication";"Gallus gallus";"Hauts de France";"Santé et production animales";"07";121
"2021LSAL06467";"Programmes de contrôle et d'éradication";"Gallus gallus";"Auvergne Rhone Alpes";"Santé et production animales";"07";122
"2021LSAL06465";"Surveillance";"Viande de poulet (Gallus gallus)";"Grand Est";"Alimentation humaine";"07";123
"2021LSAL06429";"Epidémie/Alerte";"Viande porcine";"Auvergne Rhone Alpes";"Alimentation humaine";"07";124
"2021LSAL06428";"Epidémie/Alerte";"Viande porcine";"Auvergne Rhone Alpes";"Alimentation humaine";"07";124
"2021LSAL06427";"Epidémie/Alerte";"Viande porcine";"Auvergne Rhone Alpes";"Alimentation humaine";"07";124
"2021LSAL06425";"Epidémie/Alerte";"Viande porcine";"Auvergne Rhone Alpes";"Alimentation humaine";"07";124
"2021LSAL06420";"Alerte Produit";"Viande porcine";"Grand Est";"Alimentation humaine";"06";125
"2021LSAL06390";"Programmes de contrôle et d'éradication";"Gallus gallus";"Hauts de France";"Santé et production animales";"06";126
"2021LSAL06130";"Surveillance";"Viande porcine";"Provence Alpes Cote d Azur";"Alimentation humaine";"06";127
"2021LSAL06011";"Surveillance";"Viande d'origine bovine et porcine";"Bretagne";"Alimentation humaine";"06";128
"2021LSAL06010";"Surveillance";"Viande, Viande mixte";"Bretagne";"Alimentation humaine";"06";129
"2021LSAL05670";"Programmes de contrôle et d'éradication";"Gallus gallus";"Bretagne";"Santé et production animales";"06";130
"2021LSAL05661";"Alerte Produit";"Viande porcine";"Auvergne Rhone Alpes";"Alimentation humaine";"05";131
"2021LSAL05652";"Plan de surveillance actif";"Viande porcine";"Grand Est";"Alimentation humaine";"05";132
"2021LSAL05650";"Surveillance";"Viande de canard";"Occitanie";"Alimentation humaine";"05";3
"2021LSAL05640";"Programmes de contrôle et d'éradication";"Gallus gallus";"Grand Est";"Santé et production animales";"04";133
"2021LSAL03812";"Surveillance";"Viande de dinde";"Bourgogne Franche Comte";"Alimentation humaine";"05";134
"2021LSAL03810";"Etudes cliniques";"Bovins";"Auvergne Rhone Alpes";"Santé et production animales";"05";135
"2021LSAL03750";"Surveillance";"Viande de poulet (Gallus gallus)";"DOM";"Alimentation humaine";"04";136
"2021LSAL03740";"Surveillance";"Viande porcine";"Hauts de France";"Alimentation humaine";"05";137
"2021LSAL03739";"Programmes de contrôle et d'éradication";"Gallus gallus";"Bretagne";"Santé et production animales";"05";8
"2021LSAL03731";"Surveillance";"Viande de canard";"Occitanie";"Alimentation humaine";"05";3
"2021LSAL03723";"Surveillance";"Pintades";"Nouvelle Aquitaine";"Santé et production animales";"04";138
"2021LSAL03721";"Surveillance";"Gallus gallus";"Nouvelle Aquitaine";"Santé et production animales";"03";139
"2021LSAL03680";"Alerte Produit";"Bovins";"Auvergne Rhone Alpes";"Santé et production animales";"04";140
"2021LSAL03679";"Alerte Produit";"Bovins";"Auvergne Rhone Alpes";"Santé et production animales";"04";140
"2021LSAL03678";"Alerte Produit";"Bovins";"Auvergne Rhone Alpes";"Santé et production animales";"04";140
"2021LSAL03677";"Alerte Produit";"Fromages fabriqués à partir de lait de vache";"Auvergne Rhone Alpes";"Alimentation humaine";"04";141
"2021LSAL03385";"Surveillance";"Salades prêtes-à-manger";"DOM";"Alimentation humaine";"04";142
"2021LSAL03334";"Surveillance";"Aliment pour animaux domestiques";"Bretagne";"Alimentation animale";"04";143
"2021LSAL03308";"Surveillance";"Dindes";"DOM";"Santé et production animales";"03";144
"2021LSAL03307";"Surveillance";"Gallus gallus";"DOM";"Santé et production animales";"03";145
"2021LSAL03303";"Surveillance";"Viande porcine";"Bretagne";"Alimentation humaine";"03";14
"2021LSAL03289";"Surveillance";"Bovins";"Auvergne Rhone Alpes";"Santé et production animales";"02";146
"2021LSAL03288";"Surveillance";"Bovins";"Auvergne Rhone Alpes";"Santé et production animales";"01";147
"2021LSAL03287";"Surveillance";"Bovins";"Auvergne Rhone Alpes";"Santé et production animales";"01";147
"2021LSAL03284";"Surveillance";"Viande porcine";"Grand Est";"Alimentation humaine";"04";148
"2021LSAL03275";"Surveillance";"Gallus gallus";"Bretagne";"Santé et production animales";"03";149
"2021LSAL03273";"Non spécifié";"Fromages fabriqués à partir de lait de vache";"Auvergne Rhone Alpes";"Alimentation humaine";"03";150
"2021LSAL03272";"Non spécifié";"Fromages fabriqués à partir de lait de vache";"Auvergne Rhone Alpes";"Alimentation humaine";"03";150
"2021LSAL03271";"Non spécifié";"Fromages fabriqués à partir de lait de vache";"Auvergne Rhone Alpes";"Alimentation humaine";"03";150
"2021LSAL03270";"Non spécifié";"Lait de vache";"Auvergne Rhone Alpes";"Alimentation humaine";"03";151
"2021LSAL03269";"Non spécifié";"Fromages fabriqués à partir de lait de vache";"Auvergne Rhone Alpes";"Alimentation humaine";"03";150
"2021LSAL03268";"Non spécifié";"Lait de vache";"Auvergne Rhone Alpes";"Alimentation humaine";"03";151
"2021LSAL03267";"Non spécifié";"Lait de vache";"Auvergne Rhone Alpes";"Alimentation humaine";"03";151
"2021LSAL03266";"Non spécifié";"Fromages fabriqués à partir de lait de vache";"Auvergne Rhone Alpes";"Alimentation humaine";"03";150
"2021LSAL03265";"Non spécifié";"Lait de vache";"Auvergne Rhone Alpes";"Alimentation humaine";"03";151
"2021LSAL03264";"Non spécifié";"Lait de vache";"Auvergne Rhone Alpes";"Alimentation humaine";"03";151
"2021LSAL03263";"Non spécifié";"Lait de vache";"Auvergne Rhone Alpes";"Alimentation humaine";"03";151
"2021LSAL03262";"Surveillance";"Dindes";"Bretagne";"Santé et production animales";"04";152
"2021LSAL03261";"Surveillance";"Gallus gallus";"Bretagne";"Santé et production animales";"04";153
"2021LSAL02940";"Surveillance";"Viande porcine";"Auvergne Rhone Alpes";"Alimentation humaine";"03";154
"2021LSAL02926";"Surveillance";"Viande porcine";NA;"Alimentation humaine";"03";14
"2021LSAL02856";"Surveillance";"Viande de dinde";"Bretagne";"Alimentation humaine";"03";155
"2021LSAL02845";"Surveillance";"Gallus gallus";"DOM";"Santé et production animales";"08";156
"2021LSAL02844";"Surveillance";"Gallus gallus";"DOM";"Santé et production animales";"08";156
"2021LSAL02839";"Surveillance";"Gallus gallus";"DOM";"Santé et production animales";"08";156
"2021LSAL02835";"Surveillance";"Gallus gallus";"DOM";"Santé et production animales";"06";157
"2021LSAL02824";"Surveillance";"Gallus gallus";"DOM";"Santé et production animales";"02";19
"2021LSAL02822";"Surveillance";"Gallus gallus";"DOM";"Santé et production animales";"02";19
"2021LSAL01976";"Surveillance";"Viande porcine";"Auvergne Rhone Alpes";"Alimentation humaine";"03";154
"2021LSAL01970";"Surveillance";"Viande porcine";"Bretagne";"Alimentation humaine";"03";14
"2021LSAL01572";"Contrôle autorité (national et UE)";"non spécifié";"Nouvelle Aquitaine";"Eco-système";"02";158
"2021LSAL01561";"Surveillance";"Bovins";"Auvergne Rhone Alpes";"Santé et production animales";"03";159
"2021LSAL01546";"Surveillance";"Aliment pour animaux domestiques";"Bretagne";"Alimentation animale";"01";160
"2021LSAL01468";"Surveillance";"Viande porcine";"Hauts de France";"Alimentation humaine";"02";161
"2021LSAL01440";"Etudes cliniques";"Bovins";"Bourgogne Franche Comte";"Santé et production animales";"02";162
"2021LSAL01425";"Surveillance";"Viande d'origine bovine";NA;"Alimentation humaine";"02";163
"2021LSAL01424";"Surveillance";"Viande d'origine bovine";NA;"Alimentation humaine";"02";163
"2021LSAL01423";"Surveillance";"Viande porcine";NA;"Alimentation humaine";"02";15
"2021LSAL01409";"Surveillance";"Viande porcine";"Nouvelle Aquitaine";"Alimentation humaine";"01";164
"2021LSAL01357";"Etudes cliniques";"Bovins";"Bourgogne Franche Comte";"Santé et production animales";"02";162
"2021LSAL01350";"Surveillance";"Viande de canard";"Occitanie";"Alimentation humaine";"02";165
"2021LSAL01345";"Surveillance";"Viande porcine";NA;"Alimentation humaine";"02";15
"2021LSAL01344";"Surveillance";"Viande porcine";"Hauts de France";"Alimentation humaine";"02";161
"2021LSAL01129";"Epidémie/Alerte";"Viande porcine";"Hauts de France";"Alimentation humaine";"01";166
"2021LSAL01118";"Programmes de contrôle et d'éradication";"Gallus gallus";"Pays de la Loire";"Santé et production animales";"01";167
"2021LSAL01100";"Surveillance";"Viande porcine";"Provence Alpes Cote d Azur";"Alimentation humaine";"01";31
"2021LSAL01084";"Alerte Produit";"Viande provenant d'autres espèces animales ou non spécifiée";"Hauts de France";"Alimentation humaine";"01";168
"2021LSAL00915";"Surveillance";"non spécifié";"Bretagne";"Eco-système";"01";169
"2021LSAL00513";"Plan de surveillance actif";"Aliments composés pour Porcs";"Hauts de France";"Alimentation animale";"12";170
"2021LSAL00508";"Surveillance";"Viande porcine";"Provence Alpes Cote d Azur";"Alimentation humaine";"01";31
"2021LSAL00507";"Surveillance";"Viande de mouton";"Provence Alpes Cote d Azur";"Alimentation humaine";"01";171
"2021LSAL00506";"Surveillance";"Viande porcine";"Occitanie";"Alimentation humaine";"01";172
"2021LSAL00505";"Surveillance";"Viande porcine";NA;"Alimentation humaine";"01";17
"2021LSAL00145";"Enquête";"Lait de brebis";"Occitanie";"Alimentation humaine";"12";173
"2021LSAL00140";"Enquête";"Lait de brebis";"Occitanie";"Alimentation humaine";"10";174
"2021LSAL00090";"Surveillance";"Lait de vache";"Bretagne";"Alimentation humaine";"01";175
"2021LSAL00042";"Surveillance";"Lait de vache";"Auvergne Rhone Alpes";"Alimentation humaine";"12";176
"2021LSAL00017";"Surveillance";"Fromages fabriqués à partir de lait de vache";"Auvergne Rhone Alpes";"Alimentation humaine";"12";177
"2021LSAL00016";"Surveillance";"Fromages fabriqués à partir de lait de vache";"Auvergne Rhone Alpes";"Alimentation humaine";"12";177
"2021LSAL00015";"Surveillance";"Fromages fabriqués à partir de lait de vache";"Auvergne Rhone Alpes";"Alimentation humaine";"12";177
"2021LSAL00014";"Surveillance";"Fromages fabriqués à partir de lait de vache";"Auvergne Rhone Alpes";"Alimentation humaine";"12";177
"2021LSAL00004";"Programmes de contrôle et d'éradication";"Gallus gallus";"DOM";"Santé et production animales";"12";27
"2021LSAL00003";"Programmes de contrôle et d'éradication";"Gallus gallus";"DOM";"Santé et production animales";"12";27
"2020LSAL12014";"Surveillance";"Dindes";"Bourgogne Franche Comte";"Santé et production animales";"12";178
"2020LSAL10446";"Surveillance";"Viande de dinde";"Nouvelle Aquitaine";"Alimentation humaine";"11";179
"2020LSAL10437";"Alerte Produit";"Fromages fabriqués à partir de lait de vache";"Auvergne Rhone Alpes";"Alimentation humaine";"11";180
"2020LSAL10393";"Surveillance";"Viande porcine";"Grand Est";"Alimentation humaine";"12";181
"2020LSAL10388";"Surveillance";"Aliment pour animaux domestiques";"Bretagne";"Alimentation animale";"11";182
"2020LSAL10380";"Surveillance";"Gallus gallus";"Auvergne Rhone Alpes";"Santé et production animales";"11";183
"2020LSAL10376";"Autre (ex. prestation de service, EILA ..., etc.)";"non spécifié";"Bretagne";"Non spécifié";"12";184
"2020LSAL10375";"Surveillance";"produits laitiers (exception des fromages)";"Bretagne";"Alimentation humaine";"10";185
"2020LSAL10374";"Surveillance";"non spécifié";"Bretagne";"Alimentation humaine";"10";186
"2020LSAL10373";"Autre (ex. prestation de service, EILA ..., etc.)";"non spécifié";"Bretagne";"Non spécifié";"12";184
"2020LSAL10372";"Autre (ex. prestation de service, EILA ..., etc.)";"non spécifié";"Bretagne";"Non spécifié";"12";184
"2020LSAL10371";"Surveillance";"produits laitiers, non précisé";"Bretagne";"Alimentation humaine";"08";187
"2020LSAL10368";"Surveillance";"Viande de canard";"Nouvelle Aquitaine";"Alimentation humaine";"11";57
"2020LSAL10175";"Programmes de contrôle et d'éradication";"Gallus gallus";"Auvergne Rhone Alpes";"Santé et production animales";"11";188
"2020LSAL10088";"Contrôle autorité (national)";"non spécifié";"Bretagne";"Eco-système";"11";189
"2020LSAL10086";"Contrôle autorité (national)";"non spécifié";"Bretagne";"Eco-système";"10";190
"2020LSAL10085";"Contrôle autorité (national)";"non spécifié";"Bretagne";"Eco-système";"10";190
"2020LSAL10072";"Programmes de contrôle et d'éradication";"Gallus gallus";"DOM";"Santé et production animales";"11";55
"2020LSAL10060";"Surveillance";"Viande porcine";"Nouvelle Aquitaine";"Alimentation humaine";"11";191
"2020LSAL10056";"Alerte Produit";"Bovins";"Auvergne Rhone Alpes";"Santé et production animales";"11";192
"2020LSAL10055";"Alerte Produit";"Bovins";"Auvergne Rhone Alpes";"Santé et production animales";"11";192
"2020LSAL10054";"Alerte Produit";"Bovins";"Auvergne Rhone Alpes";"Santé et production animales";"11";192
"2020LSAL08511";"Surveillance";"Fromages fabriqués à partir de lait de vache";"Auvergne Rhone Alpes";"Alimentation humaine";"11";193
"2020LSAL08510";"Surveillance";"Fromages fabriqués à partir de lait de vache";"Auvergne Rhone Alpes";"Alimentation humaine";"11";193
"2020LSAL08509";"Programmes de contrôle et d'éradication";"Gallus gallus";"Bretagne";"Santé et production animales";"11";194
"2020LSAL08491";"Surveillance";"Viande de canard";"Occitanie";"Alimentation humaine";"11";60
"2020LSAL06203";"Surveillance";"Gallus gallus";"Bretagne";"Santé et production animales";"11";195
"2020LSAL06202";"Surveillance";"Fromages fabriqués à partir de lait non précisé ou autres laits d'animaux";"Auvergne Rhone Alpes";"Alimentation humaine";"11";196
"2020LSAL05092";"Alerte Produit";"Viande de poulet (Gallus gallus)";"Nouvelle Aquitaine";"Alimentation humaine";"10";197
"2020LSAL05091";"Alerte Produit";"Viande de poulet (Gallus gallus)";"Nouvelle Aquitaine";"Alimentation humaine";"10";197
"2020LSAL05090";"Alerte Produit";"Viande de poulet (Gallus gallus)";"Nouvelle Aquitaine";"Alimentation humaine";"10";197
"2020LSAL02118";"Surveillance";"Viande porcine";"Nouvelle Aquitaine";"Alimentation humaine";"11";191
"2020LSAL02116";"Surveillance";"Bovins";"Auvergne Rhone Alpes";"Santé et production animales";"11";198
"2020LSAL02111";"Surveillance";"Bovins";"Auvergne Rhone Alpes";"Santé et production animales";"10";199
"2020LSAL02110";"Surveillance";"Lait de vache";"Auvergne Rhone Alpes";"Alimentation humaine";"10";200
"2020LSAL02109";"Surveillance";"non spécifié";"Auvergne Rhone Alpes";"Eco-système";"10";201
"2020LSAL02108";"Surveillance";"non spécifié";"Auvergne Rhone Alpes";"Eco-système";"10";201
"2020LSAL02107";"Surveillance";"non spécifié";"Auvergne Rhone Alpes";"Eco-système";"10";201
"2020LSAL02101";"Surveillance";"Aliments pour animaux, non précisé";"Bretagne";"Alimentation animale";"10";202
"2020LSAL02100";"Surveillance";"Aliments pour animaux, non précisé";"Bretagne";"Alimentation animale";"10";202
"2020LSAL02085";"Surveillance";"Viande porcine";"Nouvelle Aquitaine";"Alimentation humaine";"11";191
"2020LSAL02015";"Surveillance";"non spécifié";"Auvergne Rhone Alpes";"Eco-système";"10";201
"2020LSAL02011";"Surveillance";"non spécifié";"Auvergne Rhone Alpes";"Eco-système";"10";201
"2020LSAL02008";"Surveillance";"Gallus gallus";"Bretagne";"Santé et production animales";"10";203
"2020LSAL02006";"Plan de surveillance actif";"Viande de poulet (Gallus gallus)";"Bretagne";"Alimentation humaine";"10";204
"2020LSAL02001";"Surveillance";"Viande porcine";"Nouvelle Aquitaine";"Alimentation humaine";"10";205
"2020LSAL02000";"Programmes de contrôle et d'éradication";"Gallus gallus";"Nouvelle Aquitaine";"Santé et production animales";"10";206
"2020LSAL01999";"Etudes cliniques";"Oiseaux de zoo";"Pays de la Loire";"Santé et production animales";"10";207
"2020LSAL01981";"Autre (ex. prestation de service, EILA ..., etc.)";"non spécifié";NA;"Non spécifié";"10";208
"2020LSAL01913";"Epidémie/Alerte";"Viande porcine";"Provence Alpes Cote d Azur";"Alimentation humaine";"10";209
"2020LSAL01910";"Surveillance";"Lait de vache";"Auvergne Rhone Alpes";"Alimentation humaine";"09";210
"2020LSAL01909";"Surveillance";"Lait de vache";"Auvergne Rhone Alpes";"Alimentation humaine";"09";210
"2020LSAL01908";"Surveillance";"Lait de vache";"Auvergne Rhone Alpes";"Alimentation humaine";"09";210
"2020LSAL01907";"Surveillance";"Lait de vache";"Auvergne Rhone Alpes";"Alimentation humaine";"09";210
"2020LSAL01906";"Surveillance";"Lait de vache";"Auvergne Rhone Alpes";"Alimentation humaine";"09";210
"2020LSAL01905";"Surveillance";"Gallus gallus";"Bretagne";"Santé et production animales";"10";203
"2020LSAL01904";"Surveillance";"Gallus gallus";"Bretagne";"Santé et production animales";"10";203
"2020LSAL01903";"Surveillance";"Gallus gallus";"Bretagne";"Santé et production animales";"10";203
"2020LSAL01865";"Surveillance";"Viande de dinde";"Grand Est";"Alimentation humaine";"10";211
"2020LSAL01864";"Surveillance";"Viande de cheval";"Hauts de France";"Alimentation humaine";"10";212
"2020LSAL01819";"Surveillance";"Gallus gallus";"Bretagne";"Santé et production animales";"10";203
"2020LSAL01817";"Surveillance";"Fromages fabriqués à partir de lait de vache";"Auvergne Rhone Alpes";"Alimentation humaine";"10";62
"2020LSAL01816";"Surveillance";"Fromages fabriqués à partir de lait de vache";"Auvergne Rhone Alpes";"Alimentation humaine";"10";62
"2020LSAL01815";"Programmes de contrôle et d'éradication";"Gallus gallus";"Normandie";"Santé et production animales";"10";213
"2020LSAL01809";"Surveillance";"Viande de poulet (Gallus gallus)";"Bretagne";"Alimentation humaine";"10";214
"2020LSAL01808";"Surveillance";"Viande de poulet (Gallus gallus)";"Bretagne";"Alimentation humaine";"10";214
"2020LSAL01774";"Contrôle autorité (national)";"Gallus gallus";"Occitanie";"Santé et production animales";"10";215
"2020LSAL01773";"Contrôle autorité (national)";"Gallus gallus";"Occitanie";"Santé et production animales";"10";215
"2020LSAL01766";"Etudes cliniques";"Solipèdes, domestique";"Bourgogne Franche Comte";"Santé et production animales";"10";216
"2020LSAL01748";"Etudes cliniques";"Bovins";"Auvergne Rhone Alpes";"Santé et production animales";"10";217
"2020LSAL01747";"Etudes cliniques";"Bovins";"Auvergne Rhone Alpes";"Santé et production animales";"10";217
"2020LSAL01746";"Etudes cliniques";"Bovins";"Auvergne Rhone Alpes";"Santé et production animales";"10";217
"2020LSAL01743";"Surveillance";"Viande d'origine bovine";"Nouvelle Aquitaine";"Alimentation humaine";"10";218
"2020LSAL01738";"Surveillance";"Viande de canard";"Nouvelle Aquitaine";"Alimentation humaine";"09";219
"2020LSAL01737";"Surveillance";"Viande de canard";"Nouvelle Aquitaine";"Alimentation humaine";"09";219
"2020LSAL01736";"Surveillance";"Viande porcine";"Nouvelle Aquitaine";"Alimentation humaine";"07";220
"2020LSAL01732";"Surveillance";"Viande de canard";"Nouvelle Aquitaine";"Alimentation humaine";"06";221
"2020LSAL01731";"Surveillance";"Viande de canard";"Nouvelle Aquitaine";"Alimentation humaine";"06";221
"2020LSAL01730";"Surveillance";"Viande de canard";"Nouvelle Aquitaine";"Alimentation humaine";"06";221
"2020LSAL01729";"Surveillance";"Viande de canard";"Nouvelle Aquitaine";"Alimentation humaine";"06";221
"2020LSAL01728";"Surveillance";"Viande de canard";"Nouvelle Aquitaine";"Alimentation humaine";"04";222
"2020LSAL01727";"Surveillance";"Viande de canard";"Nouvelle Aquitaine";"Alimentation humaine";"04";222
"2020LSAL01726";"Surveillance";"Viande de volailles, non précisé";"Nouvelle Aquitaine";"Alimentation humaine";"06";223
"2020LSAL01717";"Surveillance";"Gallus gallus";"Grand Est";"Santé et production animales";"09";224
"2020LSAL01705";"Surveillance";"Gallus gallus";"Bretagne";"Santé et production animales";"09";93
"2020LSAL01704";"Surveillance";"Gallus gallus";"Bretagne";"Santé et production animales";"09";93
"2020LSAL01699";"Non spécifié";"Viande porcine";"Bretagne";"Alimentation humaine";"09";225
"2020LSAL01687";"Etudes cliniques";"Bovins";"Auvergne Rhone Alpes";"Santé et production animales";"09";226
"2020LSAL01671";"Surveillance";"Viande porcine";"Hauts de France";"Alimentation humaine";"09";227
"2020LSAL01670";"Surveillance";"Viande porcine";"Hauts de France";"Alimentation humaine";"09";227
"2020LSAL01667";"Plan de surveillance actif";"Viande de poulet (Gallus gallus)";"Pays de la Loire";"Alimentation humaine";"09";228
"2020LSAL01666";"Plan de surveillance actif";"Viande de poulet (Gallus gallus)";"Pays de la Loire";"Alimentation humaine";"09";228
"2020LSAL01641";"Surveillance";"Viande, Viande mixte";"Grand Est";"Alimentation humaine";"09";229
"2020LSAL01635";"Etudes cliniques";"Bovins";"Normandie";"Santé et production animales";"09";230
"2020LSAL01614";"Surveillance";"Viande porcine";"Pays de la Loire";"Alimentation humaine";"04";231
"2020LSAL01613";"Surveillance";"Viande porcine";"Pays de la Loire";"Alimentation humaine";"04";231
"2020LSAL01612";"Surveillance";"Viande porcine";"Pays de la Loire";"Alimentation humaine";"04";231
"2020LSAL01597";"Etudes cliniques";"Bovins";"Normandie";"Santé et production animales";"09";230
"2020LSAL01565";"Etudes cliniques";"Bovins";"Auvergne Rhone Alpes";"Santé et production animales";"09";226
"2020LSAL01563";"Etudes cliniques";"Bovins";"Auvergne Rhone Alpes";"Santé et production animales";"08";232
"2020LSAL01520";"Alerte Produit";"Fromages fabriqués à partir de lait non précisé ou autres laits d'animaux";"Auvergne Rhone Alpes";"Alimentation humaine";"09";233
"2020LSAL01513";"Etudes cliniques";"Chèvres";"Nouvelle Aquitaine";"Santé et production animales";"09";234
"2020LSAL01507";"Programmes de contrôle et d'éradication";"Gallus gallus";"Bretagne";"Santé et production animales";"09";235
"2020LSAL01506";"Programmes de contrôle et d'éradication";"Dindes";"Bretagne";"Santé et production animales";"09";86
"2020LSAL01474";"Surveillance";"Viande porcine";"Provence Alpes Cote d Azur";"Alimentation humaine";"09";84
"2020LSAL01467";"Programmes de contrôle et d'éradication";"Gallus gallus";"Nouvelle Aquitaine";"Santé et production animales";"09";236
"2020LSAL01464";"Programmes de contrôle et d'éradication";"Gallus gallus";"Hauts de France";"Santé et production animales";"09";237
"2020LSAL01450";"Surveillance";"Viande de dinde";"Ile de France";"Alimentation humaine";"09";238
"2020LSAL01448";"Surveillance";"Viande porcine";"DOM";"Alimentation humaine";"08";239
"2020LSAL01414";"Etudes cliniques";"Bovins";"Auvergne Rhone Alpes";"Santé et production animales";"08";232
"2020LSAL01413";"Etudes cliniques";"Bovins";"Auvergne Rhone Alpes";"Santé et production animales";"08";232
"2020LSAL01404";"Surveillance";"Viande de mouton";"Hauts de France";"Alimentation humaine";"08";240
"2020LSAL01401";"Surveillance";"Viande porcine";"Hauts de France";"Alimentation humaine";"08";89
"2020LSAL01382";"Alerte Produit";"Viande porcine";"Nouvelle Aquitaine";"Alimentation humaine";"08";241
"2020LSAL01378";"Alerte Produit";"Viande porcine";"Nouvelle Aquitaine";"Alimentation humaine";"08";241
"2020LSAL01377";"Alerte Produit";"Viande porcine";"Nouvelle Aquitaine";"Alimentation humaine";"08";241
"2020LSAL01376";"Alerte Produit";"Viande porcine";"Nouvelle Aquitaine";"Alimentation humaine";"08";241
"2020LSAL01375";"Alerte Produit";"Viande porcine";"Nouvelle Aquitaine";"Alimentation humaine";"08";241
"2020LSAL01374";"Alerte Produit";"Viande porcine";"Nouvelle Aquitaine";"Alimentation humaine";"08";241
"2020LSAL01373";"Alerte Produit";"Viande porcine";"Nouvelle Aquitaine";"Alimentation humaine";"08";241
"2020LSAL01372";"Alerte Produit";"Viande porcine";"Nouvelle Aquitaine";"Alimentation humaine";"08";241
"2020LSAL01370";"Programmes de contrôle et d'éradication";"Gallus gallus";"Normandie";"Santé et production animales";"08";242
"2020LSAL01357";"Surveillance";"Viande de dinde";"Centre Val de Loire";"Alimentation humaine";"04";243
"2020LSAL01354";"Surveillance";"Fromages fabriqués à partir de lait de vache";"Auvergne Rhone Alpes";"Alimentation humaine";"08";41
"2020LSAL01353";"Surveillance";"Gallus gallus";"Bretagne";"Santé et production animales";"08";244
"2020LSAL01352";"Surveillance";"Gallus gallus";"Bretagne";"Santé et production animales";"08";244
"2020LSAL01347";"Surveillance";"Fromages fabriqués à partir de lait de vache";"Auvergne Rhone Alpes";"Alimentation humaine";"08";41
"2020LSAL01346";"Surveillance";"Lait de vache";"Auvergne Rhone Alpes";"Alimentation humaine";"08";245
"2020LSAL01345";"Surveillance";"Fromages fabriqués à partir de lait de vache";"Auvergne Rhone Alpes";"Alimentation humaine";"08";41
"2020LSAL01344";"Surveillance";"Viande porcine";"Hauts de France";"Alimentation humaine";"08";89
"2020LSAL01340";"Surveillance";"Viande porcine";"Auvergne Rhone Alpes";"Alimentation humaine";"07";79
"2020LSAL01318";"Surveillance";"Viande d'origine bovine";"Auvergne Rhone Alpes";"Alimentation humaine";"07";246
"2020LSAL01316";"Surveillance";"Viande porcine";"Provence Alpes Cote d Azur";"Alimentation humaine";"08";112
"2020LSAL01309";"Surveillance";"Viande porcine";"Grand Est";"Alimentation humaine";"08";247
"2020LSAL01273";"Surveillance";"Gallus gallus";"Bourgogne Franche Comte";"Santé et production animales";"07";248
"2020LSAL01272";"Surveillance";"Canards";"Nouvelle Aquitaine";"Santé et production animales";"07";249
"2020LSAL01271";"Surveillance";"Canards";"Nouvelle Aquitaine";"Santé et production animales";"07";249
"2020LSAL01260";"Surveillance";"Viande porcine";"Grand Est";"Alimentation humaine";"08";247
"2020LSAL01255";"Surveillance";"Viande de canard";"Occitanie";"Alimentation humaine";"08";96
"2020LSAL01249";"Surveillance";"Viande de poulet (Gallus gallus)";"Bretagne";"Alimentation humaine";"08";250
"2020LSAL01248";"Surveillance";"Viande de poulet (Gallus gallus)";"Bretagne";"Alimentation humaine";"08";250
"2020LSAL01247";"Surveillance";"Viande de poulet (Gallus gallus)";"Bretagne";"Alimentation humaine";"08";250
"2020LSAL01245";"Surveillance";"Viande porcine";"Nouvelle Aquitaine";"Alimentation humaine";"07";220
"2020LSAL01244";"Surveillance";"Viande porcine";"Nouvelle Aquitaine";"Alimentation humaine";"07";220
"2020LSAL01242";"Surveillance";"Gallus gallus";"Bretagne";"Santé et production animales";"08";244
"2020LSAL01193";"Surveillance";"Matières premières d'origine oléagineuse";"Occitanie";"Alimentation animale";"02";251
"2020LSAL01192";"Alerte Produit";"Viande de dinde";"Pays de la Loire";"Alimentation humaine";"07";252
"2020LSAL01191";"Alerte Produit";"Viande de dinde";"Pays de la Loire";"Alimentation humaine";"07";252
"2020LSAL01190";"Alerte Produit";"Viande de dinde";"Pays de la Loire";"Alimentation humaine";"07";252
"2020LSAL01189";"Alerte Produit";"Viande de dinde";"Pays de la Loire";"Alimentation humaine";"07";252
"2020LSAL01188";"Alerte Produit";"Viande de dinde";"Pays de la Loire";"Alimentation humaine";"07";252
"2020LSAL01187";"Alerte Produit";"Viande de dinde";"Pays de la Loire";"Alimentation humaine";"07";252
"2020LSAL01186";"Alerte Produit";"Viande de dinde";"Pays de la Loire";"Alimentation humaine";"07";252
"2020LSAL01185";"Alerte Produit";"Viande de dinde";"Pays de la Loire";"Alimentation humaine";"07";252
"2020LSAL01184";"Alerte Produit";"Viande de dinde";"Pays de la Loire";"Alimentation humaine";"07";252
"2020LSAL01183";"Alerte Produit";"Viande de dinde";"Pays de la Loire";"Alimentation humaine";"07";252
"2020LSAL01182";"Alerte Produit";"Viande de dinde";"Pays de la Loire";"Alimentation humaine";"07";252
"2020LSAL01112";"Surveillance";"Viande de dinde";"Nouvelle Aquitaine";"Alimentation humaine";"07";253
"2020LSAL01111";"Surveillance";"Viande de dinde";"Nouvelle Aquitaine";"Alimentation humaine";"07";253
"2020LSAL01110";"Surveillance";"Viande de dinde";"Nouvelle Aquitaine";"Alimentation humaine";"07";253
"2020LSAL01109";"Surveillance";"Viande de dinde";"Nouvelle Aquitaine";"Alimentation humaine";"07";253
"2020LSAL01108";"Surveillance";"Viande de dinde";"Nouvelle Aquitaine";"Alimentation humaine";"07";253
"2020LSAL01100";"Surveillance";"Gallus gallus";"Bretagne";"Santé et production animales";"07";254
"2020LSAL01096";"Surveillance";"Viande de sanglier";"Nouvelle Aquitaine";"Alimentation humaine";"07";255
"2020LSAL01095";"Etudes cliniques";"Chèvres";"Occitanie";"Santé et production animales";"05";256
"2020LSAL01094";"Etudes cliniques";"Chèvres";"Occitanie";"Santé et production animales";"05";256
"2020LSAL01057";"Surveillance";"Viande, Viande mixte";"Nouvelle Aquitaine";"Alimentation humaine";"06";257
"2020LSAL01056";"Surveillance";"Volailles, non précisé";"Nouvelle Aquitaine";"Santé et production animales";"03";258
"2020LSAL01053";"Surveillance";"Viande porcine";"Hauts de France";"Alimentation humaine";"07";259
"2020LSAL01040";"Contrôle autorité (national)";"non spécifié";"Bretagne";"Eco-système";"07";260
"2020LSAL01039";"Programmes de contrôle et d'éradication";"Gallus gallus";"Bretagne";"Santé et production animales";"07";261
"2020LSAL01037";"Surveillance";"Viande de canard";"Occitanie";"Alimentation humaine";"07";262
"2020LSAL01023";"Surveillance";"Viande porcine";"Provence Alpes Cote d Azur";"Alimentation humaine";"06";127
"2020LSAL01016";"Surveillance";"Viande porcine";"Hauts de France";"Alimentation humaine";"07";259
"2020LSAL01012";"Programmes de contrôle et d'éradication";"Gallus gallus";"Occitanie";"Santé et production animales";"07";263
"2020LSAL01011";"Programmes de contrôle et d'éradication";"Gallus gallus";"Occitanie";"Santé et production animales";"07";263
"2020LSAL01009";"Programmes de contrôle et d'éradication";"Gallus gallus";"Bretagne";"Santé et production animales";"07";261
"2020LSAL00994";"Surveillance";"Viande de poulet (Gallus gallus)";"Nouvelle Aquitaine";"Alimentation humaine";"04";264
"2020LSAL00982";"Surveillance";"Lait de vache";"Auvergne Rhone Alpes";"Alimentation humaine";"07";265
"2020LSAL00968";"Surveillance";"Viande porcine";"Bourgogne Franche Comte";"Alimentation humaine";"03";266
"2020LSAL00949";"Surveillance";"Gallus gallus";"Bretagne";"Santé et production animales";"05";267
"2020LSAL00927";"Surveillance";"non spécifié";"Normandie";"Eco-système";"07";268
"2020LSAL00922";"Surveillance";"Viande porcine";"Bretagne";"Alimentation humaine";"06";269
"2020LSAL00912";"Alerte Produit";"Bovins";"Auvergne Rhone Alpes";"Santé et production animales";"06";270
"2020LSAL00911";"Surveillance";"Viande porcine";"Auvergne Rhone Alpes";"Alimentation humaine";"06";271
"2020LSAL00892";"Etudes cliniques";"Porcs";"Occitanie";"Santé et production animales";"04";272
"2020LSAL00866";"Surveillance";"Aliments pour animaux, non précisé";"Bretagne";"Alimentation animale";"02";273
"2020LSAL00854";"Surveillance";"Viande de canard";"Occitanie";"Alimentation humaine";"06";274
"2020LSAL00846";"Surveillance";"Gallus gallus";"Pays de la Loire";"Santé et production animales";"06";275
"2020LSAL00802";"Surveillance";"non spécifié";"Auvergne Rhone Alpes";"Eco-système";"03";276
"2020LSAL00798";"Etudes cliniques";"Bovins";"Auvergne Rhone Alpes";"Santé et production animales";"06";277
"2020LSAL00795";"Alerte Produit";"Oiseaux sauvages";"Auvergne Rhone Alpes";"Santé et production animales";"06";278
"2020LSAL00794";"Alerte Produit";"Bovins";"Auvergne Rhone Alpes";"Santé et production animales";"06";270
"2020LSAL00793";"Alerte Produit";"Bovins";"Auvergne Rhone Alpes";"Santé et production animales";"06";270
"2020LSAL00792";"Alerte Produit";"Oiseaux sauvages";"Auvergne Rhone Alpes";"Santé et production animales";"06";278
"2020LSAL00791";"Alerte Produit";"Bovins";"Auvergne Rhone Alpes";"Santé et production animales";"06";270
"2020LSAL00790";"Alerte Produit";"Fromages fabriqués à partir de lait de vache";"Auvergne Rhone Alpes";"Alimentation humaine";"06";279
"2020LSAL00789";"Alerte Produit";"Bovins";"Auvergne Rhone Alpes";"Santé et production animales";"04";140
"2020LSAL00788";"Non spécifié";"Bovins";"Auvergne Rhone Alpes";"Santé et production animales";"05";280
"2020LSAL00787";"Alerte Produit";"Bovins";"Auvergne Rhone Alpes";"Santé et production animales";"04";140
"2020LSAL00786";"Non spécifié";"Bovins";"Auvergne Rhone Alpes";"Santé et production animales";"04";281
"2020LSAL00785";"Alerte Produit";"Bovins";"Auvergne Rhone Alpes";"Santé et production animales";"04";140
"2020LSAL00784";"Alerte Produit";"Fromages fabriqués à partir de lait de vache";"Auvergne Rhone Alpes";"Alimentation humaine";"04";141
"2020LSAL00767";"Surveillance";"Viande de canard";"Nouvelle Aquitaine";"Alimentation humaine";"06";221
"2020LSAL00760";"Surveillance";"non spécifié";"Nouvelle Aquitaine";"Alimentation humaine";"06";282
"2020LSAL00758";"Surveillance";"Viande de canard";"Nouvelle Aquitaine";"Alimentation humaine";"06";221
"2020LSAL00757";"Surveillance";"Viande de canard";"Nouvelle Aquitaine";"Alimentation humaine";"06";221
"2020LSAL00724";"Etudes cliniques";"Canards";"Nouvelle Aquitaine";"Santé et production animales";"02";283
"2020LSAL00720";"Programmes de contrôle et d'éradication";"Gallus gallus";"Pays de la Loire";"Santé et production animales";"06";284
"2020LSAL00697";"Alerte Produit";"Viande porcine";"Auvergne Rhone Alpes";"Alimentation humaine";"05";131
"2020LSAL00668";"Epidémie/Alerte";"Viande porcine";"Bourgogne Franche Comte";"Alimentation humaine";"03";285
"2020LSAL00660";"Surveillance";"Sangliers sauvages";"Occitanie";"Santé et production animales";"03";286
"2020LSAL00657";"Surveillance";"Viande porcine";"Grand Est";"Alimentation humaine";"02";287
"2020LSAL00638";"Surveillance";"Bovins";"Bretagne";"Santé et production animales";"02";288
"2020LSAL00637";"Surveillance";"Bovins";"Bretagne";"Santé et production animales";"02";288
"2020LSAL00634";"Surveillance";"Viande d'origine bovine";"Provence Alpes Cote d Azur";"Alimentation humaine";"02";163
"2020LSAL00572";"Surveillance";"Viande porcine";"Auvergne Rhone Alpes";"Alimentation humaine";"02";289
"2020LSAL00571";"Surveillance";"Viande porcine";NA;"Alimentation humaine";"02";15
"2020LSAL00552";"Programmes de contrôle et d'éradication";"Gallus gallus";"Bretagne";"Santé et production animales";"02";290
"2020LSAL00550";"Etudes cliniques";"Chèvres";"Provence Alpes Cote d Azur";"Santé et production animales";"02";291
"2020LSAL00549";"Etudes cliniques";"Chèvres";"Provence Alpes Cote d Azur";"Santé et production animales";"02";291
"2020LSAL00539";"Programmes de contrôle et d'éradication";"Gallus gallus";"Pays de la Loire";"Santé et production animales";"12";292
"2020LSAL00538";"Programmes de contrôle et d'éradication";"Gallus gallus";"Pays de la Loire";"Santé et production animales";"09";293
"2020LSAL00534";"Surveillance";"Viande porcine";"Bourgogne Franche Comte";"Alimentation humaine";"01";294
"2020LSAL00515";"Etudes cliniques";"Bovins";"Occitanie";"Santé et production animales";"01";295
"2020LSAL00506";"Etudes cliniques";"Bovins";NA;"Santé et production animales";"12";40
"2020LSAL00493";"Surveillance";"Viande porcine";"Occitanie";"Alimentation humaine";"02";296
"2020LSAL00487";"Surveillance";"Viande de dinde";"Ile de France";"Alimentation humaine";"02";297
"2020LSAL00471";"Programmes de contrôle et d'éradication";"Gallus gallus";NA;"Santé et production animales";"02";21
"2020LSAL00470";"Programmes de contrôle et d'éradication";"Gallus gallus";"DOM";"Santé et production animales";"01";298
"2020LSAL00468";"Surveillance";"Viande porcine";"Provence Alpes Cote d Azur";"Alimentation humaine";"02";299
"2020LSAL00457";"Surveillance";"Viande porcine";"Provence Alpes Cote d Azur";"Alimentation humaine";"01";31
"2020LSAL00456";"Surveillance";"Porcs";"Bretagne";"Santé et production animales";"02";300
"2020LSAL00454";"Alerte Produit";"Viande porcine";"Hauts de France";"Alimentation humaine";"02";301
"2020LSAL00419";"Surveillance";"Cailles";"Pays de la Loire";"Santé et production animales";"01";302
"2020LSAL00417";"Surveillance";"Viande porcine";"Provence Alpes Cote d Azur";"Alimentation humaine";"01";31
"2020LSAL00411";"Surveillance";"Viande d'origine bovine";"DOM";"Alimentation humaine";"01";303
"2020LSAL00410";"Surveillance";"Viande d'origine bovine";"DOM";"Alimentation humaine";"01";303
"2020LSAL00197";"Surveillance";"Viande de poulet (Gallus gallus)";"Nouvelle Aquitaine";"Alimentation humaine";"01";304
"2020LSAL00188";"Surveillance";"Viande porcine";"Hauts de France";"Alimentation humaine";"01";305
"2020LSAL00178";"Surveillance";"Dindes";"Bretagne";"Santé et production animales";"01";306
"2020LSAL00177";"Surveillance";"Dindes";"Bretagne";"Santé et production animales";"01";306
"2020LSAL00176";"Surveillance";"Gallus gallus";"Nouvelle Aquitaine";"Santé et production animales";"01";307
"2020LSAL00167";"Surveillance";"Viande de canard";"Occitanie";"Alimentation humaine";"01";308
"2020LSAL00163";"Surveillance";"Viande de canard";"Nouvelle Aquitaine";"Alimentation humaine";"01";309
"2020LSAL00152";"Surveillance";"non spécifié";"Auvergne Rhone Alpes";"Eco-système";"01";310
"2020LSAL00151";"Surveillance";"non spécifié";"Auvergne Rhone Alpes";"Eco-système";"01";310
